{"cameraMode":{"drawMode":0,"name":"Shaded","section":"Shading Mode"},"sceneLighting":true,"audioPlay":false,"sceneViewState":{"showFog":true,"showMaterialUpdate":true,"showSkybox":true,"showFlares":true,"showImageEffects":true,"showParticleSystems":true},"in2DMode":false,"pivot":{"x":-4.032166004180908,"y":1.6475238800048829,"z":-0.035373687744140628},"rotation":{"x":0.14359883964061738,"y":-0.6766693592071533,"z":0.13703298568725587,"w":0.7090955972671509},"size":3.238969564437866,"orthographic":false}